mouse_gene,human_gene,mouse_delta_AD_minus_WT,human_delta_AD_minus_Control,human_p,human_fdr,mouse_padj,same_direction
Acsl3,ACSL3,-0.5545374665678238,-0.04532624270285157,0.6857142857142857,1.0,8.934513191586437e-30,True
Adcy1,ADCY1,-0.0699152612221981,-0.10259959426429999,0.4857142857142857,1.0,3.668226581770659e-15,True
Adgrl1,ADGRL1,0.4522863401764384,0.4608398799950514,0.2,0.9695364238410596,3.1528247790038897e-34,True
Afdn,AFDN,0.3471326503706021,0.09638888888888897,1.0,1.0,0.0001079011226749,True
Agpat3,AGPAT3,-0.2977034785545424,-0.07458623430319744,0.8857142857142857,1.0,0.0008102338470985,True
Agtpbp1,AGTPBP1,0.0733487909929524,-0.05583413486189426,0.4857142857142857,1.0,8.650866772939539e-07,False
Ahcyl1,AHCYL1,0.0507936257364863,-0.210713307607591,0.11428571428571428,0.9506493506493506,1.7944235400176493e-22,False
Aimp1,AIMP1,0.0325275074992871,-0.07626764675240627,0.4857142857142857,1.0,0.0012162031896125,False
Ak1,AK1,-0.3563783408808511,0.05822342944859285,0.34285714285714286,1.0,2.230945033924115e-17,False
Akap6,AKAP6,-0.0279043283078691,0.22189240957218348,0.6857142857142857,1.0,0.4423294101194645,False
Akt3,AKT3,0.2666739372734575,0.015153017417687153,0.8857142857142857,1.0,9.793390412376702e-22,True
Anapc16,ANAPC16,-0.3493614508554747,-0.07100696371188953,0.6857142857142857,1.0,3.2114015522621806e-14,True
Ank3,ANK3,-0.4473355203193028,-0.02292220221929553,0.8857142857142857,1.0,2.1283183892915767e-87,True
Ankrd12,ANKRD12,0.3833504730249095,-0.0607559208429867,0.34285714285714286,1.0,7.707009783063948e-08,False
Ankrd17,ANKRD17,0.0398290598290598,-0.017870008059764186,0.8857142857142857,1.0,0.6671712446854173,False
Anks1b,ANKS1B,0.1127341572432565,-0.0029437909215306313,0.6857142857142857,1.0,1.2768597589933264e-35,False
Anp32a,ANP32A,-0.1199647841218065,-0.023185811910185428,0.7,1.0,1.3067653534550089e-49,True
Ap1s2,AP1S2,0.0987586988183883,-0.04579184410340709,0.6857142857142857,1.0,0.0033196322621632,False
Ap2b1,AP2B1,0.0684224292519224,0.03774462824839919,0.2,0.9695364238410596,0.0075635244443651,True
Ap2m1,AP2M1,0.0556259588042666,-0.014272257919553555,0.1,0.9506493506493506,8.471220020143142e-59,False
Apba2,APBA2,-0.614707740704786,0.029729824266184424,1.0,1.0,2.118876719335659e-243,False
Apc,APC,0.2452225513861456,-0.05639333920033307,1.0,1.0,1.6936383006739773e-05,False
App,APP,0.0220773933740032,-0.008460481039106904,1.0,1.0,7.366540505199178e-13,False
Arf3,ARF3,0.0527779244410845,-0.0028450408937467087,1.0,1.0,7.298612666990896e-37,False
Arglu1,ARGLU1,-0.3887955182072829,-0.19309870714907262,1.0,1.0,9.09648219856609e-05,True
Arhgap21,ARHGAP21,-0.0678907388239902,-0.05636445522294431,0.05714285714285714,0.9506493506493506,4.6585379721434487e-08,True
Arhgap32,ARHGAP32,0.1060791943595064,0.10433300587454652,0.34285714285714286,1.0,0.2088580068669098,True
Arhgap5,ARHGAP5,0.3261671840047566,-0.03550009898037343,1.0,1.0,4.1198982240702313e-16,False
Arhgef12,ARHGEF12,0.2528558623980017,0.10834291150742958,1.0,1.0,2.4477214873128733e-05,True
Armc8,ARMC8,-0.0142756662647457,-0.04302316537009898,1.0,1.0,0.8583039598504548,True
Armcx3,ARMCX3,-0.0951628968674423,-0.019001268412540573,0.7,1.0,0.1139173290337546,True
Arpc5,ARPC5,0.005317388907002,0.017527042956132166,0.7,1.0,0.5763687075598666,True
Arpp19,ARPP19,-0.1669086946839765,-0.050519127046003254,0.2,0.9695364238410596,4.4478850263367083e-131,True
Arpp21,ARPP21,0.7537828172477095,0.2042648369096794,0.4857142857142857,1.0,0.0,True
Asph,ASPH,0.0905591322257989,0.03847372368864349,0.4857142857142857,1.0,0.0836454657445501,True
Atp1a2,ATP1A2,-0.2473530487514569,-0.07285851217439332,0.8857142857142857,1.0,0.0,True
Atp1b1,ATP1B1,-0.0517891610864552,-0.0022600627424976816,0.7,1.0,0.0,True
Atp2b1,ATP2B1,0.2683448747178911,-0.10253369069872009,0.34285714285714286,1.0,2.9019872341960798e-105,False
Atp2b2,ATP2B2,0.0102652232097265,-0.3468600645988955,0.11428571428571428,0.9506493506493506,0.279255457313167,False
Atp2c1,ATP2C1,0.1912120600874263,-0.0738788588389423,0.4857142857142857,1.0,0.0210292904654606,False
Atp6v1e1,ATP6V1E1,0.0035316395923863,-0.06857296037184446,0.2,0.9695364238410596,0.0013160896702857,False
Atp8a1,ATP8A1,0.0536428900744251,0.009611178959925026,1.0,1.0,0.1374823554410983,True
Atpaf1,ATPAF1,-0.3101634769179949,-0.017998407056562193,0.8857142857142857,1.0,0.0001076263230886,True
Atxn7l3b,ATXN7L3B,-0.0512382700986542,0.014749927865761236,1.0,1.0,0.0002076515577871,False
Azi2,AZI2,0.3759066498846234,-0.042146616763661715,0.6857142857142857,1.0,1.0062874196894035e-05,False
Baiap2,BAIAP2,0.0625783150633675,-0.05263324056696739,0.4857142857142857,1.0,8.048712951046511e-09,False
Bcap29,BCAP29,-0.7933256022663379,-0.24195290753177717,0.11428571428571428,0.9506493506493506,5.386198141118086e-09,True
Bnip3,BNIP3,0.044560607496191,-0.014084320219933333,1.0,1.0,0.0023789899415847,False
Bptf,BPTF,-0.4886511539076518,-0.4855236928275212,0.1,0.9506493506493506,6.186596145603347e-17,True
Brwd1,BRWD1,-0.1506355929993148,0.05763252211348077,0.34285714285714286,1.0,0.0133535282686477,False
Btbd3,BTBD3,-0.9797219835900616,-0.00025731074508672513,0.8857142857142857,1.0,6.538689672846031e-33,True
Cacna2d1,CACNA2D1,0.1252068302068303,-0.02752498098560152,0.7,1.0,0.0304415900265208,False
Cadm1,CADM1,0.0995735899644645,-0.008606145304479895,0.8857142857142857,1.0,3.601282866168537e-10,False
Cadm2,CADM2,0.0835813486453647,-0.022010709279664975,0.4857142857142857,1.0,0.0002036953947693,False
Cadm3,CADM3,-0.6728033957409442,0.5220144296537936,0.4,1.0,2.2877505260670622e-64,False
Calm1,CALM1,0.267748527090124,0.06872298889838646,0.11428571428571428,0.9506493506493506,0.0,True
Calm2,CALM2,-0.1145638934256229,0.023739405502912092,0.6857142857142857,1.0,4.5966487751339714e-142,False
Calm3,CALM3,0.2452861923886556,0.05609456356323905,0.8857142857142857,1.0,2.5490299965022293e-283,True
Camk1d,CAMK1D,0.3894200308891618,-0.011763812324855238,0.6857142857142857,1.0,3.3198165577664764e-263,False
Camk2g,CAMK2G,0.0201730446817154,-0.026966169609286328,0.4,1.0,0.0002544607371961,False
Camk2n1,CAMK2N1,0.1805923384627393,0.06132108276991499,0.2,0.9695364238410596,0.0,True
Camsap2,CAMSAP2,0.3388238495570653,-0.14625272653371701,0.2,0.9695364238410596,4.413666961034288e-05,False
Camta1,CAMTA1,0.0636794445184558,0.01537648899997257,1.0,1.0,1.6486925197315544e-08,True
Canx,CANX,0.0274360668884596,0.03653095416365448,0.6857142857142857,1.0,3.3269988903795784e-08,True
Caprin1,CAPRIN1,-0.2936961350366561,-0.06338280483818243,1.0,1.0,1.4672489346229356e-14,True
Cbx5,CBX5,0.3212383192546167,0.007152196340497796,0.8857142857142857,1.0,1.984544194000904e-17,True
Ccdc34,CCDC34,0.115478331916688,-0.017557326411694996,1.0,1.0,0.0581649275041807,False
Ccdc91,CCDC91,0.4430141287284145,0.04432795071669848,1.0,1.0,8.54499509677286e-06,True
Ccdc92,CCDC92,-0.6445266941672692,-0.039781626250094404,0.4857142857142857,1.0,0.0,True
Ccni,CCNI,0.1317604983156253,0.019075139875274538,0.7,1.0,0.0032627418919314,True
Ccny,CCNY,0.0319203371515284,-0.1340275229926705,0.11428571428571428,0.9506493506493506,0.6486525731803164,False
Ccpg1,CCPG1,-0.6210660866910868,-0.07264285728896847,0.6857142857142857,1.0,4.31482163710884e-08,True
Cdc42,CDC42,-0.1093313278778161,0.2089626205632159,0.34285714285714286,1.0,6.113084414608575e-119,False
Cdip1,CDIP1,-0.3484144486762868,0.012081268090761342,0.34285714285714286,1.0,5.711848272773884e-116,False
Celf2,CELF2,-0.0397191781267302,-0.06546979249782348,0.6857142857142857,1.0,2.736251532354659e-06,True
Celf4,CELF4,-0.3633167247439415,-0.04222933638887971,1.0,1.0,0.0,True
Cend1,CEND1,-0.0732411181312392,0.08211336378036072,0.1,0.9506493506493506,3.2318595938111696e-136,False
Cfap36,CFAP36,-0.1165837545959818,-0.02216685144542241,1.0,1.0,1.2743643398277714e-11,True
Chmp2b,CHMP2B,0.2514523278653714,0.06975313704584596,1.0,1.0,0.0001929941126342,True
Chmp3,CHMP3,0.2044414978337538,-0.14664166657116173,0.11428571428571428,0.9506493506493506,3.2155111955082006e-10,False
Chn1,CHN1,-0.0265703294174888,0.07804198535030582,0.4857142857142857,1.0,3.050273685620608e-21,False
Clcn4,CLCN4,-0.3120185252272709,-0.04316831683168321,1.0,1.0,1.8578943870952258e-23,True
Cltc,CLTC,0.0567201285023998,-0.009305770113632872,0.7,1.0,9.899385747616079e-39,False
Cmpk1,CMPK1,-0.8069909790154486,0.004013294859108396,1.0,1.0,1.6533007559589849e-106,False
Cnksr2,CNKSR2,-0.8033215270375372,-0.00851031905522448,1.0,1.0,2.5123806161657625e-122,True
Cnp,CNP,-0.0885533197117989,-0.43682949283198236,0.6857142857142857,1.0,1.4826085884593798e-68,True
Cntn1,CNTN1,0.0484823306063659,0.02081400360025909,1.0,1.0,8.111064946862981e-17,True
Cops2,COPS2,-0.1090806625894258,0.09059570514536686,0.34285714285714286,1.0,0.140297402717057,False
Cox6c,COX6C,-0.1698082650592401,0.13488555640587396,0.1,0.9506493506493506,0.0,False
Csde1,CSDE1,0.0917573814717206,-0.009358899864219228,0.8857142857142857,1.0,8.587546839884661e-10,False
Csmd1,CSMD1,0.3813724602923209,-0.16923780718180403,0.2,0.9695364238410596,0.0021168215811328,False
Csnk1a1,CSNK1A1,-0.3131032577003099,0.059539986976126946,0.4,1.0,5.291912775065017e-47,False
Ctnnd2,CTNND2,0.0817267280475408,-0.0151742193275064,0.4857142857142857,1.0,3.707006106844486e-06,False
Ctsb,CTSB,-0.926281259951342,0.020594276997423444,0.6857142857142857,1.0,0.0,False
Cul3,CUL3,-0.3454830642575651,-0.24573996265172737,0.4,1.0,7.114202482738161e-12,True
Cycs,CYCS,0.0683942614351758,-0.060996085892779384,0.34285714285714286,1.0,1.8799174267176463e-67,False
Dcaf8,DCAF8,-0.0074827999844385,0.2325923354388434,0.2,0.9695364238410596,0.8250025160027202,False
Dclk1,DCLK1,0.056273152440507,-0.06586496983087686,0.2,0.9695364238410596,4.423173450924943e-34,False
Ddx1,DDX1,0.008840771965676,-0.02177627321396347,0.6857142857142857,1.0,0.3831460881467143,False
Dek,DEK,0.0635303071289346,-0.332301119705135,0.2,0.9695364238410596,0.0098450713240684,False
Dennd6b,DENND6B,-0.5872699367641564,0.009773044490862193,0.8857142857142857,1.0,1.522197417606798e-07,False
Dlg2,DLG2,-0.3483596495923209,-0.08673485376815404,0.05714285714285714,0.9506493506493506,0.046838221113913,True
Dlgap1,DLGAP1,0.0469283110548127,-0.013850516031512439,1.0,1.0,2.8207939076279125e-67,False
Dnaja1,DNAJA1,0.0785658784842124,-0.009348107981544063,0.8857142857142857,1.0,3.5948939379064713e-41,False
Dnaja2,DNAJA2,-0.7288634773213966,-0.025428512838063744,0.7,1.0,0.0,True
Dnajb6,DNAJB6,-0.0084316714556238,0.8751378468842961,0.7,1.0,0.8827307970555872,False
Dnajc10,DNAJC10,0.0312146892655367,0.5127465334596504,0.4,1.0,0.3691927805565166,True
Dnajc5,DNAJC5,-0.0998941971464005,-0.08148114253812866,0.05714285714285714,0.9506493506493506,8.291691678320447e-41,True
Dpp10,DPP10,0.2191249155668975,-0.18774084024919413,0.2,0.9695364238410596,2.206703672771372e-22,False
Dst,DST,0.1086727859947047,-0.02131229734384965,0.6857142857142857,1.0,1.0222330327361173e-29,False
Dstn,DSTN,-0.0006476999197377,0.0648953950745732,0.2,0.9695364238410596,0.8236105724218903,False
Dtna,DTNA,-0.2455405705405705,-0.009489760319487561,0.8857142857142857,1.0,0.0001079011226749,True
Eif1ax,EIF1AX,0.2978522737688877,-0.15947123560700638,0.2,0.9695364238410596,2.7514463055470677e-32,False
Eif2s2,EIF2S2,-0.2593873478453594,-0.08994138882407043,0.4,1.0,1.5901502428889377e-87,True
Eif4e,EIF4E,-0.6735920534148111,0.42224392872781163,1.0,1.0,2.1250685700909484e-55,False
Eif4g3,EIF4G3,0.0445919278363904,-0.033758192816575994,0.6857142857142857,1.0,0.0005434876390619,False
Eif5,EIF5,0.3164965439574913,0.015488028821907474,0.8857142857142857,1.0,4.579042251672093e-100,True
Eif5b,EIF5B,0.0461212367007962,-0.07111111111111112,0.7,1.0,0.3842870940114432,False
Eloc,ELOC,-0.5700486398911813,0.009171547901552085,1.0,1.0,0.0,False
Ensa,ENSA,0.267343958452449,0.10423267522271584,0.05714285714285714,0.9506493506493506,3.53532292992431e-06,True
Epb41l1,EPB41L1,0.1441788242091579,-0.009048608955325665,1.0,1.0,0.0002765269139714,False
Erc2,ERC2,-0.2102924852924853,-0.09158684781422766,0.8857142857142857,1.0,0.0278941740570722,True
Ermn,ERMN,0.6651525888769151,-0.023945021524273136,0.8857142857142857,1.0,1.3202998153212397e-49,False
Faim2,FAIM2,-0.2139107963026746,-0.11439717770207136,0.6857142857142857,1.0,0.0,True
Fam131a,FAM131A,-0.2781970466508909,-0.07633556576945466,0.11428571428571428,0.9506493506493506,0.0,True
Fam162a,FAM162A,0.063738457425484,-0.04698970033581029,0.34285714285714286,1.0,6.281078948978024e-31,False
Fam3c,FAM3C,-0.4743380669791538,0.0028138773811550166,0.7,1.0,1.3610605389926563e-22,False
Fam81a,FAM81A,0.1001571388789434,0.26680657686866205,0.8857142857142857,1.0,0.2800427662609484,True
Far1,FAR1,0.122352728970376,0.05874911165947083,1.0,1.0,0.1016726287644101,True
Fgfr1op2,FGFR1OP2,0.3145016335828799,0.2060797203958567,0.6857142857142857,1.0,2.0891768841929305e-13,True
Fgfr2,FGFR2,0.1761976481903974,0.10846078431372552,0.1,0.9506493506493506,9.652174870132693e-85,True
Gabrg2,GABRG2,-0.7973837536805118,-0.017228294609081485,1.0,1.0,4.789154123023454e-33,True
Gfap,GFAP,0.0405438003024859,0.003642738005529389,0.4857142857142857,1.0,3.5567221586418823e-06,True
Ghitm,GHITM,-0.0671315827490736,0.06579533159500395,0.02857142857142857,0.9506493506493506,5.776461349985699e-43,False
Glrx2,GLRX2,0.3719987353915928,-0.13803656424215077,0.1,0.9506493506493506,1.2975754583052322e-15,False
Glul,GLUL,-0.0335910489852977,0.009640150688193905,0.8857142857142857,1.0,6.871069302231415e-33,False
Gnao1,GNAO1,-0.0897206309650351,0.008985220112636583,0.8857142857142857,1.0,5.772458949581483e-31,False
Gnaq,GNAQ,-0.3094592353107929,-0.0115001068106384,1.0,1.0,8.501417349720603e-24,True
Gnas,GNAS,0.0927706063100807,0.03315254770599141,0.2,0.9695364238410596,0.0002641846906399,True
Golga7b,GOLGA7B,0.0004009924668058,-0.7358644217013316,0.1,0.9506493506493506,0.992447738155264,False
Golgb1,GOLGB1,0.4718670566996926,-0.0750484247045532,0.6857142857142857,1.0,3.792646393595454e-05,False
Gphn,GPHN,-0.0318170480727282,-0.00020826102047899475,1.0,1.0,1.3112910597020104e-231,True
Gpm6a,GPM6A,0.0013973246405051,0.16368576166999393,0.34285714285714286,1.0,0.1158640131336325,True
Grb2,GRB2,0.0113279652610741,0.05344410221631957,0.4,1.0,0.5979236876424534,True
Gria2,GRIA2,0.1206336380483644,-0.12812105652433226,0.2,0.9695364238410596,1.438635438082406e-122,False
Gsk3b,GSK3B,0.2544135887016998,-0.34379569604945237,0.4,1.0,8.805363923535748e-07,False
Gtf2h5,GTF2H5,-0.0242210628055457,0.02942655545473208,0.4857142857142857,1.0,0.0021430760316567,False
Herc1,HERC1,0.1270422381110566,-0.02574735127464256,0.1,0.9506493506493506,8.157749681391966e-11,False
Hlf,HLF,0.0281098380283163,0.04137531428674557,0.7,1.0,0.3532807009732479,True
Hmgb1,HMGB1,-0.2786366790168563,-0.014296977579185688,0.6857142857142857,1.0,0.0,True
Hnrnpa3,HNRNPA3,0.4466627842427872,-0.04162619826180469,0.34285714285714286,1.0,0.0,False
Hnrnpdl,HNRNPDL,0.0620225426336493,-0.04629073680470425,0.6857142857142857,1.0,1.248312983716502e-06,False
Hnrnpk,HNRNPK,0.0004612063751899,0.03790673380244891,1.0,1.0,0.784456209652956,True
Hnrnpu,HNRNPU,-0.4992513170653035,0.243645324763741,0.6857142857142857,1.0,3.4811986879619183e-143,False
Hnrnpul2,HNRNPUL2,0.4506261125554204,-0.20030739196460856,0.8857142857142857,1.0,5.684310794536962e-05,False
Homer1,HOMER1,0.0808754638218923,-0.24363399982067613,0.2,0.9695364238410596,0.1053930923068072,False
Hp1bp3,HP1BP3,0.1229255128777035,0.0446445529624222,0.8857142857142857,1.0,6.189125636617704e-12,True
Hsp90aa1,HSP90AA1,0.2829399009128612,-0.28388500668860744,0.2,0.9695364238410596,0.0,False
Hsp90ab1,HSP90AB1,-0.073252672872206,-0.10191776477423509,0.8857142857142857,1.0,9.373451040388106e-33,True
Hsp90b1,HSP90B1,0.0420189512175666,-0.09781024896899082,0.34285714285714286,1.0,1.9588159947184783e-10,False
Hspa4,HSPA4,0.0032242351175632,-0.0661474757436944,0.34285714285714286,1.0,0.9098232367695174,False
Hspa4l,HSPA4L,-0.6368694847416878,0.07356366459627328,0.7,1.0,1.5944272947255437e-37,False
Hspa5,HSPA5,-0.0491873408432971,-0.01326095225171555,0.4,1.0,4.234571708675546e-13,True
Hspa8,HSPA8,-0.0397177424622339,-0.007334183870941202,1.0,1.0,6.975860004837621e-196,True
Hspa9,HSPA9,0.0581365593624729,-0.13109815764622978,0.2,0.9695364238410596,0.0161613938523817,False
Hsph1,HSPH1,0.0402859313871223,-0.11120489781133513,0.11428571428571428,0.9506493506493506,3.694585345274692e-13,False
Huwe1,HUWE1,0.2301749639249638,0.4749502866021988,1.0,1.0,0.0005688870113991,True
Ipo5,IPO5,0.1443037511991759,-0.033557619954295514,1.0,1.0,0.0060241483934089,False
Iqsec1,IQSEC1,0.051846537528612,0.09174130700523753,0.6857142857142857,1.0,0.0454994434368172,True
Itm2b,ITM2B,0.016565810139395,-0.010411114916267672,0.7,1.0,2.465782103950194e-34,False
Itsn1,ITSN1,0.2524961244135452,0.04989184584035722,0.4857142857142857,1.0,0.00117598676859,True
Jun,JUN,-0.4636518733914119,-0.11749805562622129,0.4857142857142857,1.0,4.525721810240254e-26,True
Kalrn,KALRN,0.1142688236920124,0.04400303014121154,0.2,0.9695364238410596,5.169636351322342e-44,True
Kcnb1,KCNB1,-0.1118113912231558,-0.172960127935601,0.1,0.9506493506493506,0.1507998274314149,True
Kcnc1,KCNC1,-0.193447152232523,-0.035926240084045435,0.34285714285714286,1.0,9.447858896269875e-29,True
Kcnip4,KCNIP4,0.4132388944648335,-0.1936216188452814,0.34285714285714286,1.0,5.8822898083483445e-106,False
Kcnj3,KCNJ3,0.0623931771556,0.009397701215437593,1.0,1.0,0.0008468523154266,True
Kcnma1,KCNMA1,0.14455183123093,-0.0903844111070119,0.2,0.9695364238410596,0.0418073978177731,False
Kcnq2,KCNQ2,0.0683922620887992,-0.0011565918079573523,0.6857142857142857,1.0,0.021726161395745,False
Khdrbs3,KHDRBS3,0.068185836743262,0.7258487342056748,1.0,1.0,2.318567043268589e-12,True
Kidins220,KIDINS220,-0.0437022099517624,-0.1702040685465126,0.4,1.0,0.0003427839792786,True
Kif2a,KIF2A,-0.0173406238295573,-0.10845556625836661,0.6857142857142857,1.0,7.706362397981226e-08,True
Kif5a,KIF5A,0.1751549064813593,-0.06680839414827999,0.4857142857142857,1.0,3.829618987176954e-79,False
Kifap3,KIFAP3,0.1610739654006762,0.0685493155467084,0.7,1.0,8.658346393065541e-54,True
Kmt2e,KMT2E,0.3965524671407023,-0.38314941797980717,0.7,1.0,2.9761233285828446e-10,False
Kpna1,KPNA1,-0.0061133809091891,0.2492267355327097,0.1,0.9506493506493506,0.91307158511703,False
Lamp2,LAMP2,-0.5166893439521067,0.020913872330141192,0.6857142857142857,1.0,2.8378963821133537e-23,False
Lancl1,LANCL1,-0.3241274319992187,-0.4552152211065663,0.4857142857142857,1.0,0.0,True
Lmna,LMNA,-0.4919332874165871,0.0019338203695745682,0.7,1.0,6.3551169947572634e-21,False
Lpgat1,LPGAT1,-0.07185028637722,-0.09099905685697962,0.4,1.0,0.0185323765303786,True
Lrrtm4,LRRTM4,-0.119582732082732,0.00914245390275037,0.8857142857142857,1.0,0.1493902136584693,False
Lsamp,LSAMP,0.2677838891365747,-0.0128413527499186,0.6857142857142857,1.0,9.166758926669385e-58,False
Luc7l2,LUC7L2,0.0407595790214299,-0.23838370259590042,0.2,0.9695364238410596,0.4983024962050643,False
Luc7l3,LUC7L3,0.1363713944359104,-0.12622957767579412,0.11428571428571428,0.9506493506493506,0.0921586699029046,False
Macf1,MACF1,0.317645885012642,-0.04691841601486746,0.2,0.9695364238410596,1.5120450692161071e-09,False
Malat1,MALAT1,0.0698256556318162,-0.12203395764386299,0.2,0.9695364238410596,0.0,False
Map1b,MAP1B,0.0253762195952904,-0.1795232436744778,0.34285714285714286,1.0,1.6038079744903816e-06,False
Map1lc3b,MAP1LC3B,-0.1819415627790451,0.013126856094067274,0.4,1.0,6.35396825335433e-303,False
Map2,MAP2,0.2076060469213657,0.050220048027703745,1.0,1.0,5.76193049870341e-54,True
Map4,MAP4,-0.0552792012152708,0.04841195790746339,0.8857142857142857,1.0,6.637726852308705e-08,False
Map6,MAP6,0.2139019834332334,-0.028227002778286048,0.4857142857142857,1.0,0.0342413426533996,False
Map9,MAP9,0.350572601369414,-0.23134412527677362,0.1,0.9506493506493506,0.0070356229868408,False
Mapk1,MAPK1,0.0409997606636087,0.025714513302878217,0.34285714285714286,1.0,1.3041101025868673e-42,True
Mapk10,MAPK10,-0.7674039567537135,0.007378286178234772,0.6857142857142857,1.0,0.0,False
Mapre2,MAPRE2,0.0598777818099697,0.01426713454360451,0.8857142857142857,1.0,0.0086141868487267,True
Mapt,MAPT,0.0131426452083419,0.12519169739849334,1.0,1.0,0.2975421737099311,True
Marcks,MARCKS,-0.9697249848787484,0.32215196219093256,0.34285714285714286,1.0,7.10121578288974e-163,False
Matr3,MATR3,0.1041892144819612,0.022568240692911745,1.0,1.0,2.1010311936530322e-45,True
Mbp,MBP,-0.002840420908126,0.03918534000756946,0.6857142857142857,1.0,7.625337516715654e-05,False
Mef2c,MEF2C,0.0779678296988691,-0.04887694235338225,0.6857142857142857,1.0,9.274436391538612e-26,False
Mef2d,MEF2D,-0.1926496814508648,0.3184974263497974,0.7,1.0,3.8788655324665446e-122,False
Meg3,MEG3,0.3009038806876097,0.0420212919562033,0.8857142857142857,1.0,0.0,True
Mesd,MESD,0.3773828240564642,-0.005199976803077377,0.7,1.0,9.52805436071887e-07,False
Mia3,MIA3,0.1197766354016354,-0.10391932760365685,0.8857142857142857,1.0,0.0002625874359199,False
Miat,MIAT,-0.0153175057208236,-0.4801829451766263,0.1,0.9506493506493506,0.8117957671027726,True
Mobp,MOBP,-0.034289819660832,0.16317962640132944,0.11428571428571428,0.9506493506493506,1.223974137030871e-35,False
Mphosph8,MPHOSPH8,-0.0375937749776039,-0.17377919221541338,0.05714285714285714,0.9506493506493506,0.4429129245651662,True
Mrps17,MRPS17,-0.878659133259413,0.03644383148143332,1.0,1.0,1.7482413580562642e-46,False
Msl1,MSL1,0.011727534285518,0.028414517669531958,0.4,1.0,0.6788150345914161,True
Mtdh,MTDH,0.2245233440394729,-0.1525061743317292,0.6857142857142857,1.0,0.0012727881076537,False
Myo5a,MYO5A,0.010918331078502,-0.029532307548186143,0.7,1.0,0.3482200271526049,False
Myo6,MYO6,-0.249524748755518,-0.453409933283914,0.1,0.9506493506493506,0.0036446257594247,True
Myt1l,MYT1L,-0.4751031910612316,-0.008332845824850832,0.4,1.0,2.697910400806788e-85,True
Naa50,NAA50,0.2354651162790695,0.0889481040479696,0.2,0.9695364238410596,0.0399049235055827,True
Nap1l1,NAP1L1,0.0655174803607933,-0.003162708561300631,0.6857142857142857,1.0,9.392927182275857e-22,False
Ncam1,NCAM1,-0.4073264804418917,-0.07128020881213348,0.4857142857142857,1.0,3.046072554228272e-44,True
Ncl,NCL,-0.3606962507620833,-0.09814896646536064,0.7,1.0,3.11935838365173e-202,True
Ncoa7,NCOA7,0.0644417343578155,-0.04050936255051185,1.0,1.0,0.0447516882109625,False
Ncor1,NCOR1,0.4095308084565897,-0.08134073741144865,0.34285714285714286,1.0,1.2857259700563607e-22,False
Ncs1,NCS1,-0.0195674200330777,-0.43061711177590045,0.05714285714285714,0.9506493506493506,0.265420776718977,True
Ndufc2,NDUFC2,0.2911966294412283,-0.17745222375377517,0.2,0.9695364238410596,0.0,False
Nefl,NEFL,-0.3209555568091676,-0.18581356401870996,0.4857142857142857,1.0,0.0,True
Nefm,NEFM,-0.5694813220641964,-0.062202756129078884,0.7,1.0,3.353387997433018e-138,True
Neurod2,NEUROD2,0.0571487820325046,-0.24794453964570934,0.1,0.9506493506493506,0.315510315960695,False
Nisch,NISCH,-0.9789248145017376,0.024857682035385187,0.2,0.9695364238410596,0.0,False
Nlgn1,NLGN1,0.3749884471555119,0.22249269717624143,1.0,1.0,1.109810121391914e-19,True
Npm1,NPM1,-0.336945534430048,-0.004604515708666934,1.0,1.0,9.119390313334748e-86,True
Nr3c1,NR3C1,0.1635591923451701,0.021745333657925303,0.4,1.0,0.0019762198824283,True
Nrcam,NRCAM,-0.585422847142258,-0.03456479113016009,0.6857142857142857,1.0,3.85516834191616e-191,True
Nrxn1,NRXN1,0.1313967623250019,-0.08887222751117907,0.1,0.9506493506493506,1.6289172137840085e-115,False
Nrxn3,NRXN3,0.0355251323946379,0.021195485675042147,0.8857142857142857,1.0,0.2342089713532547,True
Nsa2,NSA2,0.0894985100245365,0.11810665400743728,0.11021018267342113,0.9506493506493506,1.281792090973569e-06,True
Nsg1,NSG1,-0.0329169643818836,0.04233220146584482,0.8857142857142857,1.0,9.692830755771921e-31,False
Ntm,NTM,0.0589129493931945,0.040606502090921426,1.0,1.0,0.002896557140237,True
Ntrk2,NTRK2,-0.3570503258862531,-0.04838618074130652,0.8857142857142857,1.0,9.004422546087562e-160,True
Ntrk3,NTRK3,0.1607744107744108,-0.2250498384546642,0.2,0.9695364238410596,0.0581847335089229,False
Nub1,NUB1,0.0373147613027983,0.041711869593034634,1.0,1.0,0.3594282760013088,True
Nucks1,NUCKS1,0.87355704579929,-0.012059686323662944,0.8857142857142857,1.0,1.835191521942033e-15,False
Nudt3,NUDT3,0.0616352738974308,-0.09846471424492187,0.34285714285714286,1.0,1.2768597589933264e-35,False
Oaz2,OAZ2,-0.0323613653110704,0.001071529423755102,0.6857142857142857,1.0,9.538485699715324e-12,False
Ogfrl1,OGFRL1,0.5491584104956198,0.03419351533072079,1.0,1.0,1.0183577991728836e-52,True
Ogt,OGT,0.0673795657752878,0.016575972650091475,1.0,1.0,0.0046186179715493,True
Olfm1,OLFM1,-0.0969395495718555,-0.12699521116903217,0.11428571428571428,0.9506493506493506,0.0,True
Osbpl8,OSBPL8,0.0463678643453925,-0.03637097859738869,1.0,1.0,0.0243254989613727,False
Otub1,OTUB1,-0.1282286878536394,0.029787053186309587,0.34285714285714286,1.0,2.410560351142349e-21,False
Oxr1,OXR1,-0.0383730304099473,-0.027421252573744503,0.4857142857142857,1.0,6.521647681056044e-10,True
Pabpn1,PABPN1,-0.0388933115682179,0.10884647516226464,1.0,1.0,0.0062427663374693,False
Pafah1b1,PAFAH1B1,0.195817522130088,-0.04928629123741757,0.34285714285714286,1.0,1.1330008804287908e-12,False
Pafah1b2,PAFAH1B2,0.0558918918273693,0.004183476568790145,0.7,1.0,0.0146434309812713,True
Paip1,PAIP1,0.5827561068339511,-0.03872166589038961,0.4,1.0,5.8329476168118564e-15,False
Papola,PAPOLA,0.4119450188841053,-0.0033115144572243294,0.8857142857142857,1.0,1.781545922715399e-09,False
Paqr8,PAQR8,-0.3511774585477416,0.25448823498167517,0.7,1.0,1.0869263563015745e-07,False
Pcdh17,PCDH17,0.2467479674796747,0.022766835440800937,0.7,1.0,9.169362820515309e-06,True
Pcdh9,PCDH9,0.0194219227881928,-0.007673999409937515,0.8857142857142857,1.0,0.2297525888828104,False
Pcdhac2,PCDHAC2,-0.3347204961485489,-0.01598860533641555,1.0,1.0,6.728840995137955e-25,True
Pclo,PCLO,0.1548851532560009,0.044079073652004475,1.0,1.0,3.5038827920044197e-11,True
Pcsk2,PCSK2,0.2380019586850706,-0.015344886641690647,1.0,1.0,1.4169518102968647e-09,False
Pdia3,PDIA3,0.0005558473299176,-0.040679117147707985,0.7,1.0,0.9756341254016344,False
Pex5l,PEX5L,0.1551807275601223,-0.005333257356028964,0.8857142857142857,1.0,1.270568116810518e-07,False
Pgm2l1,PGM2L1,0.0967407144826498,0.02491907833176188,0.6857142857142857,1.0,0.0233659229435146,True
Pgrmc2,PGRMC2,-0.2776218241012367,0.15219018269865725,0.7,1.0,1.5993364501346234e-06,False
Phactr1,PHACTR1,0.1300514878639879,-0.029756822738854716,0.6857142857142857,1.0,2.892207756342466e-08,False
Pigk,PIGK,0.2804983388704318,-0.014375274527812176,0.4,1.0,7.138527939126119e-05,False
Pik3r1,PIK3R1,0.4530246069719753,-0.18059213674194952,0.8857142857142857,1.0,9.673150602881636e-05,False
Pitpna,PITPNA,0.114674754677217,-0.06940938109453154,1.0,1.0,1.672966552882637e-62,False
Pja2,PJA2,0.2213030435718612,0.0011646651560183185,0.8857142857142857,1.0,7.464085708211454e-119,True
Pkp4,PKP4,-0.0022571086889293,-0.13419555617467105,0.2,0.9695364238410596,0.7721856026924632,True
Plcb1,PLCB1,-0.0621157335002339,-0.0631515077349889,0.11428571428571428,0.9506493506493506,3.0390161847927094e-08,True
Plp1,PLP1,-0.0255084885169192,-0.007408670128144501,1.0,1.0,3.297633263313275e-219,True
Polr1d,POLR1D,-0.5495754112482286,0.01684417210665834,1.0,1.0,0.0,False
Ppm1a,PPM1A,0.0724724368505579,-0.06466471018600761,1.0,1.0,2.736251532354659e-06,False
Ppm1b,PPM1B,0.3382532280067257,-0.12133287810652954,0.6857142857142857,1.0,4.0308207343219214e-05,False
Ppp1cb,PPP1CB,0.0803893680473289,-0.031007151715707282,0.4857142857142857,1.0,5.749698140113329e-66,False
Ppp1r12a,PPP1R12A,0.2038660413660413,0.07469049866918431,0.4,1.0,4.186830340646549e-06,True
Ppp1r7,PPP1R7,0.0115647378715559,0.017889816344488163,0.6857142857142857,1.0,0.7959847216197962,True
Ppp2ca,PPP2CA,0.1828079540491545,0.05052815472020078,0.4857142857142857,1.0,0.0,True
Ppp2r2a,PPP2R2A,-0.1543987086359965,0.00815880802501956,1.0,1.0,0.2129570249576662,False
Ppp2r2c,PPP2R2C,0.0303705976742109,-0.04359868068993167,0.4,1.0,1.19333690138405e-07,False
Ppp2r5c,PPP2R5C,0.0588522342511705,-0.18381618477371342,0.05714285714285714,0.9506493506493506,0.103284802856546,False
Ppp3ca,PPP3CA,-0.4099232705775465,-0.348620358820956,0.02857142857142857,0.9506493506493506,0.0,True
Prelp,PRELP,0.1191286038224813,-0.08272013257251754,0.34285714285714286,1.0,0.0259213804029196,False
Prkacb,PRKACB,0.0553586912582916,0.00718795160691188,0.6857142857142857,1.0,7.686595135877698e-37,True
Prkar1a,PRKAR1A,0.222230040554204,0.046245190750178966,0.7,1.0,1.6284039416427742e-08,True
Prkcb,PRKCB,-0.4295125051658828,-0.13640526591233104,0.4,1.0,1.048037981213182e-230,True
Psip1,PSIP1,0.3957986378217409,-0.09221001209624013,0.8857142857142857,1.0,1.0964846160045908e-303,False
Pten,PTEN,-0.0558559639130733,0.28516106339543523,0.7,1.0,0.3906536815730625,False
Ptgds,PTGDS,0.0310086738582049,-0.16055160551957792,0.6857142857142857,1.0,7.132134924544602e-62,False
Ptma,PTMA,-0.524029813118992,-0.03430668647267876,1.0,1.0,0.0,True
Ptn,PTN,-0.015097500534254,-0.0226747709615035,1.0,1.0,0.0037432331602276,True
Ptprd,PTPRD,0.322638156371558,-0.014011095613475355,0.8857142857142857,1.0,1.2279713738946038e-46,False
Pum2,PUM2,0.1190131088146452,0.039550086043029786,0.2,0.9695364238410596,0.1960003307733809,True
Pura,PURA,0.0616257690491575,0.014989419164879392,0.8857142857142857,1.0,0.140297402717057,True
R3hdm2,R3HDM2,0.312846068660022,0.03407619107937365,1.0,1.0,2.6265638403389966e-09,True
Rab11fip4,RAB11FIP4,0.3114917737646099,0.227843519519084,0.11428571428571428,0.9506493506493506,1.905862268214756e-06,True
Rab2a,RAB2A,0.0247468557531567,-0.4221246431559794,0.2,0.9695364238410596,3.7726390304681465e-08,False
Rabep1,RABEP1,0.4549708937844557,-0.1558188493515522,0.11428571428571428,0.9506493506493506,2.2718437622895152e-35,False
Rac1,RAC1,0.043247340139536,-0.1826538598835472,0.11428571428571428,0.9506493506493506,5.562790364851166e-17,False
Rad23b,RAD23B,0.0319326236178645,-0.38153151113294737,0.34285714285714286,1.0,0.5181172309253526,False
Ralbp1,RALBP1,0.6816764254264256,-0.30179759560738784,0.1,0.9506493506493506,3.9151285557573935e-35,False
Ralyl,RALYL,0.0618593142453162,-0.06405705536227257,0.6857142857142857,1.0,0.0035447044770236,False
Rapgef4,RAPGEF4,0.1353014681516122,0.003079671127176109,1.0,1.0,5.9838718090374445e-24,True
Rasgrp2,RASGRP2,-0.5079569892473119,-0.10671792569311933,0.7,1.0,1.5208161473047836e-10,True
Rbbp6,RBBP6,0.0584086551737534,-0.08372860823423023,0.7,1.0,0.1767103936301325,False
Rbfox1,RBFOX1,0.2221436997405305,-0.045293019496319364,0.2,0.9695364238410596,6.5969547361865145e-18,False
Rbm39,RBM39,0.1427084164694275,-0.08022935189403202,0.4857142857142857,1.0,1.1288938983802373e-11,False
Rcan2,RCAN2,-0.0257484688619402,-0.054814230473046566,0.2,0.9695364238410596,0.0652290051974718,True
Rdx,RDX,0.618803792235126,-0.0779305505142166,0.4,1.0,6.206243419309552e-06,False
Rfk,RFK,-0.1407723605508415,-0.006939799331103669,1.0,1.0,1.0536235645577011e-05,True
Robo2,ROBO2,0.0655954071969695,-0.02507667753996734,0.6857142857142857,1.0,0.1535176756293287,False
Rock2,ROCK2,0.1723659519139011,-0.11044062064660598,0.2,0.9695364238410596,3.6949287504256094e-12,False
Rpl10a,RPL10A,-0.2123848906891459,0.001512025471425149,0.8857142857142857,1.0,1.2390672411148092e-290,False
Rpl11,RPL11,-0.7688770355553309,0.017517987140597047,0.7,1.0,0.0,False
Rpl14,RPL14,-0.2083027487419403,-0.5616553565524975,0.4857142857142857,1.0,2.4829863475934283e-232,True
Rpl22,RPL22,0.1493606254332666,-0.06817995503031415,0.6857142857142857,1.0,1.1956899190513542e-81,False
Rpl3,RPL3,-0.3970607251669389,-0.06994521445383506,0.4857142857142857,1.0,1.1139280634353977e-107,True
Rpl35a,RPL35A,0.0598522792985701,-0.05727247441032489,0.7,1.0,4.818234850393221e-192,False
Rpl37,RPL37,-0.9957206534742667,-0.4736740887459435,0.11428571428571428,0.9506493506493506,0.0,True
Rpl5,RPL5,-0.3550592691868466,-0.06532868718177132,0.6857142857142857,1.0,0.0,True
Rpl6,RPL6,-0.6947060768937727,0.042176700199930584,0.6857142857142857,1.0,3.0328053878160493e-198,False
Rpl9,RPL9,-0.1057530414491819,0.15051478680824992,0.11428571428571428,0.9506493506493506,2.100482469434981e-214,False
Rps24,RPS24,0.2543616111260218,0.004130292473518787,0.8857142857142857,1.0,0.0,True
Rps27a,RPS27A,-0.2329893103795878,-0.04319600538813506,0.6857142857142857,1.0,1.874913953693115e-207,True
Rps29,RPS29,0.0363568551645683,-0.05548708166660306,0.8857142857142857,1.0,1.054364665000304e-21,False
Rps8,RPS8,-0.2868839235249468,0.010536873422871018,1.0,1.0,0.0,False
Rtn3,RTN3,0.1323913584042947,0.0226303956073739,0.7,1.0,0.0185991608313292,True
Rtn4,RTN4,0.0677868922549437,0.011883109449435603,1.0,1.0,6.313128551674328e-211,True
Rufy3,RUFY3,-0.3352924423328819,0.2372108913218821,1.0,1.0,9.35655586747807e-121,False
Rundc3a,RUNDC3A,0.2272679847568931,-0.017765028328775745,0.6857142857142857,1.0,8.831649206036673e-13,False
Ryr2,RYR2,0.14930979679085,-0.012839970971735504,0.6857142857142857,1.0,0.0022374996595438,False
S100b,S100B,-0.033047589128778,0.06699005447653983,0.05714285714285714,0.9506493506493506,4.187726094433869e-19,False
Satb1,SATB1,-0.6770602172907998,-0.5798858507184848,0.11428571428571428,0.9506493506493506,3.023520259302713e-42,True
Scamp1,SCAMP1,0.0929502160586702,-0.477303208213918,0.7,1.0,3.838808345119482e-07,False
Scg3,SCG3,-0.2196445577783121,-0.08504134918326556,0.4857142857142857,1.0,1.6352108627822625e-118,True
Scn8a,SCN8A,-0.3378849847896207,0.004237154978264379,0.4,1.0,1.398878634452376e-21,False
Sec11c,SEC11C,-0.167880245946502,0.009037920471677285,1.0,1.0,6.614509666762422e-238,False
Sec62,SEC62,0.4601872850365729,-0.09557122189047784,0.02857142857142857,0.9506493506493506,0.0,False
Senp2,SENP2,0.1880805394842827,-0.023597025016903417,0.2,0.9695364238410596,0.0232713966921427,False
Serbp1,SERBP1,0.0869210014764761,0.1525251134993218,0.8857142857142857,1.0,5.1377762966333283e-104,True
Serinc3,SERINC3,-0.917740926381874,-0.026621162288402056,0.6857142857142857,1.0,4.015804e-317,True
Set,SET,-0.2446152227207821,0.07937889347464633,0.6857142857142857,1.0,5.311804585168995e-145,False
Sf3b1,SF3B1,-0.5363819094853509,0.7234923685104155,0.2,0.9695364238410596,1.4488992817431894e-36,False
Sfpq,SFPQ,0.0049818216484883,-0.16059395515328256,0.6857142857142857,1.0,0.9146956958623672,False
Sgip1,SGIP1,0.0276307917303728,0.07898390917258846,0.4,1.0,0.4614642230498367,True
Sirpa,SIRPA,-0.0283432715150826,-0.013613356504235674,0.6857142857142857,1.0,6.558602674858069e-16,True
Slc1a2,SLC1A2,0.0010622989100885,-0.005517325351493629,0.6857142857142857,1.0,0.9411498687124166,False
Slc25a12,SLC25A12,-0.2864829392318482,-0.600250626566416,0.1,0.9506493506493506,1.0519308616010041e-73,True
Slu7,SLU7,0.2095178071228489,-0.11049437830926578,0.2,0.9695364238410596,2.440076934765056e-05,False
Smarca5,SMARCA5,-0.0813403562281649,-0.2691614387101104,0.11428571428571428,0.9506493506493506,0.4210825459296991,True
Smarcc2,SMARCC2,0.0877028203070861,0.21877434304933707,0.2,0.9695364238410596,0.0002765269139714,True
Smarce1,SMARCE1,-0.0472653856864383,-0.0033678550521438755,1.0,1.0,0.3976133167638216,True
Snap25,SNAP25,0.0247310527111687,0.011831157036248707,0.6857142857142857,1.0,1.0903807475163416e-185,True
Snhg14,SNHG14,-0.1819305531309936,0.1355789650106336,0.8857142857142857,1.0,3.2994809693847383e-08,False
Son,SON,0.0787705303112307,-0.1777211758284173,0.7,1.0,6.225205398873924e-08,False
Sparcl1,SPARCL1,-0.5629321798204032,0.036035171489352646,1.0,1.0,0.0,False
Sppl3,SPPL3,0.0195679443157373,-0.49549725612682016,0.4,1.0,0.1463869324285294,False
Spred1,SPRED1,0.1390396392512051,-0.004498176369891582,1.0,1.0,0.0050752601452081,False
Spryd7,SPRYD7,-0.0528612196181251,-0.0963376709233063,0.1,0.9506493506493506,0.2303753817208597,True
Sptbn1,SPTBN1,0.2402420085887828,-0.019709251457439625,0.34285714285714286,1.0,2.5444763590883026e-10,False
Srpk2,SRPK2,0.2194106561671062,-0.33372064821414427,0.7,1.0,8.711581179265621e-11,False
Srsf11,SRSF11,0.1542162326209945,0.006005305578957065,1.0,1.0,0.0002589332126626,True
Srsf3,SRSF3,-0.5209687825374195,0.018193467053261747,0.8857142857142857,1.0,3.6323663669973413e-109,False
Srsf7,SRSF7,-0.0680047512400455,-0.04926790660862679,1.0,1.0,0.4997167652341164,True
Ssb,SSB,-0.1104308115855037,0.03596774468375141,0.4,1.0,0.0034494025050811,False
Ssr1,SSR1,0.3052524228334703,-0.12888725943458557,0.6857142857142857,1.0,0.0002367591315518,False
Ssx2ip,SSX2IP,0.4550435729847495,-0.0069945141065831384,1.0,1.0,0.0075482292366783,False
Stau2,STAU2,-0.329720755666871,0.027233865727224638,1.0,1.0,8.838041898354951e-15,False
Strbp,STRBP,0.1879453643536989,-0.13661779691423281,0.8857142857142857,1.0,9.46773568648772e-14,False
Stx12,STX12,-0.7113963116465551,0.03726895738317071,0.8857142857142857,1.0,2.9347096498462875e-35,False
Stx7,STX7,-0.1073022658558372,0.3501136208822648,0.7,1.0,0.00016412884891,False
Svop,SVOP,0.0227320125332873,-0.005962531645569591,1.0,1.0,0.0047083734529795,False
Syn2,SYN2,0.0169127549054064,0.3970594413570637,0.6857142857142857,1.0,4.461956246292776e-25,True
Syncrip,SYNCRIP,0.1425525561395126,-0.19276915488080126,0.05714285714285714,0.9506493506493506,0.0941303247275188,False
Syne1,SYNE1,0.6759826466853356,-0.000732228983937544,0.6857142857142857,1.0,1.537312140278456e-69,False
Syt1,SYT1,0.0974198451728878,0.048063864491285746,0.8857142857142857,1.0,9.83467543497066e-223,True
Syt11,SYT11,-0.3495030469963588,0.01397030517878417,0.8857142857142857,1.0,0.0,False
Syt7,SYT7,-0.6141783386013975,0.01438968810156338,0.6857142857142857,1.0,0.0,False
Tafa5,TAFA5,-0.0491243095086478,0.01948146595498257,0.8857142857142857,1.0,0.0776030894786748,False
Tardbp,TARDBP,0.1951780074763944,0.006231610461469417,0.7,1.0,3.775187323696328e-05,True
Tbrg1,TBRG1,0.1523510470187333,-0.16730048030547617,0.4857142857142857,1.0,0.0050752601452081,False
Tcea1,TCEA1,0.1232326980171809,-0.04370507403720281,0.4,1.0,0.0001311808061603,False
Tcf4,TCF4,0.0086121353978494,0.0181601093956123,0.8857142857142857,1.0,0.3801226924327153,True
Tenm2,TENM2,0.1105175915510561,-0.032339467349949524,0.4,1.0,0.0935302118179654,False
Thra,THRA,0.0049346529481774,0.1169764824991909,0.4,1.0,2.1095709013065e-05,True
Timm10b,TIMM10B,0.0046712457563277,0.04438846668374463,1.0,1.0,0.7450221596961267,True
Tmbim4,TMBIM4,-0.0038517738599225,-0.0954162863806916,0.4,1.0,0.7913630011264265,True
Tmed10,TMED10,-0.2345736210398268,0.05075594822338647,0.7,1.0,4.501355701854353e-07,False
Tnik,TNIK,0.1157916736041735,-0.07961277108142117,0.4857142857142857,1.0,0.1150439980300675,False
Tollip,TOLLIP,-0.8829562869103685,0.0973720447707056,0.34285714285714286,1.0,1.0361953736251986e-11,False
Top1,TOP1,0.0333864083864083,-0.007732402860342824,0.7,1.0,0.5939546771613411,False
Tpd52,TPD52,0.0293609066726069,-0.013574457594975081,0.6857142857142857,1.0,0.7258124348998216,False
Tpm1,TPM1,0.2514380518017238,-0.017759935477875688,0.8857142857142857,1.0,1.8191963057941022e-112,False
Tpm3,TPM3,-0.4491680181475971,-0.04098346833586419,0.4857142857142857,1.0,2.0987230204147238e-16,True
Tpt1,TPT1,-0.0091363363789533,0.06461498732789517,0.05714285714285714,0.9506493506493506,4.5334648505501935e-09,False
Trim2,TRIM2,0.0656283726783091,-0.06337525261865551,0.1,0.9506493506493506,3.797743198361851e-10,False
Trip12,TRIP12,0.1229653679653678,0.17259340279498525,0.4857142857142857,1.0,0.0230711315479659,True
Tspan5,TSPAN5,0.0546677141739271,0.004279393226204076,1.0,1.0,0.0001676842638235,True
Ttc3,TTC3,-0.0043616442144083,-0.13494701155157418,0.11428571428571428,0.9506493506493506,0.2211916085362379,True
Tuba4a,TUBA4A,-0.4763965195686531,-0.36098451796502595,0.6857142857142857,1.0,0.0,True
U2surp,U2SURP,0.3283059935233848,-0.2658227848101266,0.7,1.0,0.0098887022061832,False
Ube2b,UBE2B,-0.1537905926122469,-0.0656911238408644,0.11428571428571428,0.9506493506493506,2.680288707478611e-170,True
Ube2d3,UBE2D3,-0.3266837964413207,-0.09317617664901112,0.34285714285714286,1.0,1.2078957640974332e-146,True
Ube2g1,UBE2G1,0.0979282549945264,-0.024269941182540555,1.0,1.0,0.0048698097811148,False
Ube2j2,UBE2J2,0.0781154961083913,0.06079575093659595,0.4,1.0,0.012138028442408,True
Ube2k,UBE2K,0.0964466178572032,-0.0213961265651762,1.0,1.0,0.0008219001496659,False
Ube2l3,UBE2L3,0.5163846524302189,-0.06257150229935982,0.34285714285714286,1.0,2.487883822254937e-77,False
Ube2n,UBE2N,0.801859835149932,-0.11852023970001346,0.4857142857142857,1.0,0.0,False
Ube2r2,UBE2R2,-0.5911893250957951,-0.06987345978925619,0.2,0.9695364238410596,0.0,True
Ube2v2,UBE2V2,0.6187297638790176,-0.0157606780095485,0.7,1.0,6.948229435319908e-38,False
Ube2w,UBE2W,-0.0336193362743874,0.20015307668350568,0.11428571428571428,0.9506493506493506,0.2471000378663872,False
Ube3a,UBE3A,-0.077326892109501,0.006234035376427083,0.8857142857142857,1.0,0.4036141077875477,False
Ubtf,UBTF,-0.9021978457940228,-0.0523854492313727,0.34285714285714286,1.0,1.6620382380240558e-37,True
Ubxn4,UBXN4,0.4409126984126984,-0.0571893813473805,1.0,1.0,1.8855406095925124e-08,False
Ugp2,UGP2,-0.5249466074466075,-0.032759170497760115,0.7,1.0,6.599113668920761e-05,True
Usp14,USP14,-0.5487161432782022,-0.011468967792898632,1.0,1.0,3.263939894302781e-63,True
Usp34,USP34,0.2064219295123354,0.03873315332191607,1.0,1.0,4.226146299416049e-05,True
Usp47,USP47,0.1878926038500507,-0.3328848910109297,0.7,1.0,0.0481714538560837,False
Usp9x,USP9X,-0.2509840074013892,-0.19351472182384982,1.0,1.0,1.5133009322513043e-16,True
Vxn,VXN,0.0874937075154933,0.006641640985290631,1.0,1.0,1.8852965818169905e-22,True
Wdr82,WDR82,-0.0260326718003064,-0.18888341255454288,0.2,0.9695364238410596,0.1266779511307461,True
Yipf4,YIPF4,-0.1757291556681799,-0.12122904088145658,0.6857142857142857,1.0,0.0127628380620306,True
Ylpm1,YLPM1,-0.0071861471861469,0.2218781674992416,0.34285714285714286,1.0,0.9411498687124166,False
Ypel5,YPEL5,-0.2519129297121651,0.014027423580256215,0.8857142857142857,1.0,1.714545682128437e-24,False
Ywhab,YWHAB,0.0120508496027619,0.04488070827481261,0.4857142857142857,1.0,8.157749681391966e-11,True
Ywhae,YWHAE,0.1137870751714319,-0.011988499519980933,1.0,1.0,2.5796487211971423e-197,False
Ywhaz,YWHAZ,0.0137003025643844,-0.10231055474044881,0.4857142857142857,1.0,1.904089637877182e-07,False
Zbtb20,ZBTB20,-0.4297900659419776,-0.04929949775310605,0.4,1.0,7.932993350107224e-113,True
Zfand5,ZFAND5,-0.8626934196033849,-0.09571981903450888,0.7,1.0,1.1594778101579223e-126,True
Zfr,ZFR,0.2001037210782168,-0.06653567438148444,0.1,0.9506493506493506,3.026134352970739e-50,False
Zmat2,ZMAT2,0.3295135450134828,-0.20034084883095404,1.0,1.0,0.0,False
